,index,cell_type,patient,cell_type_pct,condition_x,condition_y,condition
0,0,01_B,XAUT1-HS1,17.130144605116797,HC,HC,HC
1,1,01_B,XAUT1-HS10,13.121629718394248,UCV,UCV,UCV
2,2,01_B,XAUT1-HS11,14.15752741774676,UCV,UCV,UCV
3,3,01_B,XAUT1-HS12,2.3003194888178915,UCV,UCV,UCV
4,4,01_B,XAUT1-HS2,3.653846153846154,HC,HC,HC
5,5,01_B,XAUT1-HS3,14.714537963507945,HC,HC,HC
6,6,01_B,XAUT1-HS4,8.574673480976717,HC,HC,HC
7,7,01_B,XAUT1-HS6,5.354058721934369,UCNB,UCNB,UCNB
8,8,01_B,XAUT1-HS7,7.894736842105263,UCNB,UCNB,UCNB
9,9,01_B,XAUT1-HS8,13.051305130513052,UCNB,UCNB,UCNB
10,10,01_B,XAUT1-HS9,12.423625254582484,UCV,UCV,UCV
11,11,02_Plasmablasts,XAUT1-HS1,0.22246941045606228,HC,HC,HC
12,12,02_Plasmablasts,XAUT1-HS10,0.11983223487118035,UCV,UCV,UCV
13,13,02_Plasmablasts,XAUT1-HS11,0.7976071784646062,UCV,UCV,UCV
14,14,02_Plasmablasts,XAUT1-HS12,0.06389776357827476,UCV,UCV,UCV
15,15,02_Plasmablasts,XAUT1-HS2,0.22435897435897434,HC,HC,HC
16,16,02_Plasmablasts,XAUT1-HS3,0.2942907592701589,HC,HC,HC
17,17,02_Plasmablasts,XAUT1-HS4,0.2839295854628052,HC,HC,HC
18,18,02_Plasmablasts,XAUT1-HS6,1.0362694300518136,UCNB,UCNB,UCNB
19,19,02_Plasmablasts,XAUT1-HS7,0.6791171477079796,UCNB,UCNB,UCNB
20,20,02_Plasmablasts,XAUT1-HS8,0.6300630063006301,UCNB,UCNB,UCNB
21,21,02_Plasmablasts,XAUT1-HS9,0.8146639511201629,UCV,UCV,UCV
22,22,03_CD4 T,XAUT1-HS1,4.671857619577309,HC,HC,HC
23,23,03_CD4 T,XAUT1-HS10,16.536848412222888,UCV,UCV,UCV
24,24,03_CD4 T,XAUT1-HS11,24.426719840478565,UCV,UCV,UCV
25,25,03_CD4 T,XAUT1-HS12,10.351437699680512,UCV,UCV,UCV
26,26,03_CD4 T,XAUT1-HS2,23.846153846153847,HC,HC,HC
27,27,03_CD4 T,XAUT1-HS3,21.4832254267216,HC,HC,HC
28,28,03_CD4 T,XAUT1-HS4,29.415105053946622,HC,HC,HC
29,29,03_CD4 T,XAUT1-HS6,17.962003454231436,UCNB,UCNB,UCNB
30,30,03_CD4 T,XAUT1-HS7,21.137521222410864,UCNB,UCNB,UCNB
31,31,03_CD4 T,XAUT1-HS8,18.901890189018903,UCNB,UCNB,UCNB
32,32,03_CD4 T,XAUT1-HS9,30.95723014256619,UCV,UCV,UCV
33,33,04_Treg,XAUT1-HS1,0.33370411568409347,HC,HC,HC
34,34,04_Treg,XAUT1-HS10,2.756141402037148,UCV,UCV,UCV
35,35,04_Treg,XAUT1-HS11,3.1904287138584246,UCV,UCV,UCV
36,36,04_Treg,XAUT1-HS12,1.5974440894568689,UCV,UCV,UCV
37,37,04_Treg,XAUT1-HS2,1.5384615384615385,HC,HC,HC
38,38,04_Treg,XAUT1-HS3,1.7068864037669218,HC,HC,HC
39,39,04_Treg,XAUT1-HS4,2.72572402044293,HC,HC,HC
40,40,04_Treg,XAUT1-HS6,1.0074841681059297,UCNB,UCNB,UCNB
41,41,04_Treg,XAUT1-HS7,1.9100169779286926,UCNB,UCNB,UCNB
42,42,04_Treg,XAUT1-HS8,1.6201620162016201,UCNB,UCNB,UCNB
43,43,04_Treg,XAUT1-HS9,1.7651052274270198,UCV,UCV,UCV
44,44,05_MAIT,XAUT1-HS1,0.11123470522803114,HC,HC,HC
45,45,05_MAIT,XAUT1-HS10,1.6177351707609346,UCV,UCV,UCV
46,46,05_MAIT,XAUT1-HS11,0.5982053838484547,UCV,UCV,UCV
47,47,05_MAIT,XAUT1-HS12,0.3194888178913738,UCV,UCV,UCV
48,48,05_MAIT,XAUT1-HS2,7.6923076923076925,HC,HC,HC
49,49,05_MAIT,XAUT1-HS3,1.9423190111830488,HC,HC,HC
50,50,05_MAIT,XAUT1-HS4,3.0096536059057355,HC,HC,HC
51,51,05_MAIT,XAUT1-HS6,2.734599884858952,UCNB,UCNB,UCNB
52,52,05_MAIT,XAUT1-HS7,0.5517826825127334,UCNB,UCNB,UCNB
53,53,05_MAIT,XAUT1-HS8,1.17011701170117,UCNB,UCNB,UCNB
54,54,05_MAIT,XAUT1-HS9,4.684317718940937,UCV,UCV,UCV
55,55,06_CD8 T,XAUT1-HS1,10.567296996662959,HC,HC,HC
56,56,06_CD8 T,XAUT1-HS10,6.530856800479329,UCV,UCV,UCV
57,57,06_CD8 T,XAUT1-HS11,6.281156530408774,UCV,UCV,UCV
58,58,06_CD8 T,XAUT1-HS12,40.766773162939295,UCV,UCV,UCV
59,59,06_CD8 T,XAUT1-HS2,11.794871794871794,HC,HC,HC
60,60,06_CD8 T,XAUT1-HS3,18.952324896998235,HC,HC,HC
61,61,06_CD8 T,XAUT1-HS4,12.208972174900625,HC,HC,HC
62,62,06_CD8 T,XAUT1-HS6,17.213586643638457,UCNB,UCNB,UCNB
63,63,06_CD8 T,XAUT1-HS7,22.62308998302207,UCNB,UCNB,UCNB
64,64,06_CD8 T,XAUT1-HS8,7.110711071107111,UCNB,UCNB,UCNB
65,65,06_CD8 T,XAUT1-HS9,7.875084860828243,UCV,UCV,UCV
66,66,07_gd T cells,XAUT1-HS1,0.44493882091212456,HC,HC,HC
67,67,07_gd T cells,XAUT1-HS10,0.35949670461354105,UCV,UCV,UCV
68,68,07_gd T cells,XAUT1-HS11,1.1964107676969093,UCV,UCV,UCV
69,69,07_gd T cells,XAUT1-HS12,0.06389776357827476,UCV,UCV,UCV
70,70,07_gd T cells,XAUT1-HS2,2.8846153846153846,HC,HC,HC
71,71,07_gd T cells,XAUT1-HS3,1.2360211889346673,HC,HC,HC
72,72,07_gd T cells,XAUT1-HS4,2.8960817717206133,HC,HC,HC
73,73,07_gd T cells,XAUT1-HS6,0.9499136442141624,UCNB,UCNB,UCNB
74,74,07_gd T cells,XAUT1-HS7,0.38200339558573854,UCNB,UCNB,UCNB
75,75,07_gd T cells,XAUT1-HS8,0.09000900090009001,UCNB,UCNB,UCNB
76,76,07_gd T cells,XAUT1-HS9,3.122878479293958,UCV,UCV,UCV
77,77,08_NK,XAUT1-HS1,1.0011123470522802,HC,HC,HC
78,78,08_NK,XAUT1-HS10,14.679448771719592,UCV,UCV,UCV
79,79,08_NK,XAUT1-HS11,7.377866400797608,UCV,UCV,UCV
80,80,08_NK,XAUT1-HS12,13.738019169329075,UCV,UCV,UCV
81,81,08_NK,XAUT1-HS2,15.801282051282051,HC,HC,HC
82,82,08_NK,XAUT1-HS3,10.712183637433785,HC,HC,HC
83,83,08_NK,XAUT1-HS4,9.7671777399205,HC,HC,HC
84,84,08_NK,XAUT1-HS6,18.65284974093264,UCNB,UCNB,UCNB
85,85,08_NK,XAUT1-HS7,13.242784380305602,UCNB,UCNB,UCNB
86,86,08_NK,XAUT1-HS8,12.871287128712872,UCNB,UCNB,UCNB
87,87,08_NK,XAUT1-HS9,7.128309572301425,UCV,UCV,UCV
88,88,09_CD14 classical monocytes,XAUT1-HS1,48.16462736373748,HC,HC,HC
89,89,09_CD14 classical monocytes,XAUT1-HS10,27.08208508088676,UCV,UCV,UCV
90,90,09_CD14 classical monocytes,XAUT1-HS11,17.347956131605187,UCV,UCV,UCV
91,91,09_CD14 classical monocytes,XAUT1-HS12,22.17252396166134,UCV,UCV,UCV
92,92,09_CD14 classical monocytes,XAUT1-HS2,18.461538461538463,HC,HC,HC
93,93,09_CD14 classical monocytes,XAUT1-HS3,16.53914067098293,HC,HC,HC
94,94,09_CD14 classical monocytes,XAUT1-HS4,21.465076660988075,HC,HC,HC
95,95,09_CD14 classical monocytes,XAUT1-HS6,22.481289579735176,UCNB,UCNB,UCNB
96,96,09_CD14 classical monocytes,XAUT1-HS7,15.152801358234294,UCNB,UCNB,UCNB
97,97,09_CD14 classical monocytes,XAUT1-HS8,30.063006300630065,UCNB,UCNB,UCNB
98,98,09_CD14 classical monocytes,XAUT1-HS9,18.6693822131704,UCV,UCV,UCV
99,99,10_CD16 Nonclassical monocytes,XAUT1-HS1,13.125695216907676,HC,HC,HC
100,100,10_CD16 Nonclassical monocytes,XAUT1-HS10,12.162971839424804,UCV,UCV,UCV
101,101,10_CD16 Nonclassical monocytes,XAUT1-HS11,8.47457627118644,UCV,UCV,UCV
102,102,10_CD16 Nonclassical monocytes,XAUT1-HS12,4.15335463258786,UCV,UCV,UCV
103,103,10_CD16 Nonclassical monocytes,XAUT1-HS2,8.173076923076923,HC,HC,HC
104,104,10_CD16 Nonclassical monocytes,XAUT1-HS3,5.768098881695114,HC,HC,HC
105,105,10_CD16 Nonclassical monocytes,XAUT1-HS4,3.634298693923907,HC,HC,HC
106,106,10_CD16 Nonclassical monocytes,XAUT1-HS6,8.405296488198042,UCNB,UCNB,UCNB
107,107,10_CD16 Nonclassical monocytes,XAUT1-HS7,9.804753820033955,UCNB,UCNB,UCNB
108,108,10_CD16 Nonclassical monocytes,XAUT1-HS8,8.19081908190819,UCNB,UCNB,UCNB
109,109,10_CD16 Nonclassical monocytes,XAUT1-HS9,6.381534283774609,UCV,UCV,UCV
110,110,11_DC,XAUT1-HS1,1.668520578420467,HC,HC,HC
111,111,11_DC,XAUT1-HS10,1.4979029358897544,UCV,UCV,UCV
112,112,11_DC,XAUT1-HS11,2.991026919242273,UCV,UCV,UCV
113,113,11_DC,XAUT1-HS12,0.8306709265175719,UCV,UCV,UCV
114,114,11_DC,XAUT1-HS2,1.4102564102564104,HC,HC,HC
115,115,11_DC,XAUT1-HS3,2.0011771630370805,HC,HC,HC
116,116,11_DC,XAUT1-HS4,1.362862010221465,HC,HC,HC
117,117,11_DC,XAUT1-HS6,1.1226252158894647,UCNB,UCNB,UCNB
118,118,11_DC,XAUT1-HS7,1.2733446519524618,UCNB,UCNB,UCNB
119,119,11_DC,XAUT1-HS8,2.25022502250225,UCNB,UCNB,UCNB
120,120,11_DC,XAUT1-HS9,0.6109979633401221,UCV,UCV,UCV
121,121,12_pDC and ASDC,XAUT1-HS1,0.44493882091212456,HC,HC,HC
122,122,12_pDC and ASDC,XAUT1-HS10,0.659077291791492,UCV,UCV,UCV
123,123,12_pDC and ASDC,XAUT1-HS11,1.4955134596211366,UCV,UCV,UCV
124,124,12_pDC and ASDC,XAUT1-HS12,0.3194888178913738,UCV,UCV,UCV
125,125,12_pDC and ASDC,XAUT1-HS2,0.09615384615384616,HC,HC,HC
126,126,12_pDC and ASDC,XAUT1-HS3,0.35314891112419067,HC,HC,HC
127,127,12_pDC and ASDC,XAUT1-HS4,0.2839295854628052,HC,HC,HC
128,128,12_pDC and ASDC,XAUT1-HS6,0.17271157167530224,UCNB,UCNB,UCNB
129,129,12_pDC and ASDC,XAUT1-HS7,0.29711375212224106,UCNB,UCNB,UCNB
130,130,12_pDC and ASDC,XAUT1-HS8,0.9900990099009901,UCNB,UCNB,UCNB
131,131,12_pDC and ASDC,XAUT1-HS9,0.20366598778004072,UCV,UCV,UCV
132,132,13_Platelets,XAUT1-HS1,0.8898776418242491,HC,HC,HC
133,133,13_Platelets,XAUT1-HS10,1.018573996405033,UCV,UCV,UCV
134,134,13_Platelets,XAUT1-HS11,6.779661016949152,UCV,UCV,UCV
135,135,13_Platelets,XAUT1-HS12,1.5335463258785942,UCV,UCV,UCV
136,136,13_Platelets,XAUT1-HS2,1.3782051282051282,HC,HC,HC
137,137,13_Platelets,XAUT1-HS3,1.4714537963507945,HC,HC,HC
138,138,13_Platelets,XAUT1-HS4,1.306076093128904,HC,HC,HC
139,139,13_Platelets,XAUT1-HS6,1.0074841681059297,UCNB,UCNB,UCNB
140,140,13_Platelets,XAUT1-HS7,1.3582342954159592,UCNB,UCNB,UCNB
141,141,13_Platelets,XAUT1-HS8,1.17011701170117,UCNB,UCNB,UCNB
142,142,13_Platelets,XAUT1-HS9,1.7651052274270198,UCV,UCV,UCV
143,143,14_Erythrocytes,XAUT1-HS1,1.2235817575083427,HC,HC,HC
144,144,14_Erythrocytes,XAUT1-HS10,1.078490113840623,UCV,UCV,UCV
145,145,14_Erythrocytes,XAUT1-HS11,4.586241276171486,UCV,UCV,UCV
146,146,14_Erythrocytes,XAUT1-HS12,1.34185303514377,UCV,UCV,UCV
147,147,14_Erythrocytes,XAUT1-HS2,2.33974358974359,HC,HC,HC
148,148,14_Erythrocytes,XAUT1-HS3,2.5897586815773983,HC,HC,HC
149,149,14_Erythrocytes,XAUT1-HS4,2.782509937535491,HC,HC,HC
150,150,14_Erythrocytes,XAUT1-HS6,1.6119746689694874,UCNB,UCNB,UCNB
151,151,14_Erythrocytes,XAUT1-HS7,3.395585738539898,UCNB,UCNB,UCNB
152,152,14_Erythrocytes,XAUT1-HS8,1.8901890189018902,UCNB,UCNB,UCNB
153,153,14_Erythrocytes,XAUT1-HS9,3.1907671418873047,UCV,UCV,UCV
154,154,15_Cycling,XAUT1-HS1,0.0,HC,HC,HC
155,155,15_Cycling,XAUT1-HS10,0.7789095266626722,UCV,UCV,UCV
156,156,15_Cycling,XAUT1-HS11,0.29910269192422734,UCV,UCV,UCV
157,157,15_Cycling,XAUT1-HS12,0.44728434504792336,UCV,UCV,UCV
158,158,15_Cycling,XAUT1-HS2,0.7051282051282052,HC,HC,HC
159,159,15_Cycling,XAUT1-HS3,0.23543260741612712,HC,HC,HC
160,160,15_Cycling,XAUT1-HS4,0.2839295854628052,HC,HC,HC
161,161,15_Cycling,XAUT1-HS6,0.28785261945883706,UCNB,UCNB,UCNB
162,162,15_Cycling,XAUT1-HS7,0.29711375212224106,UCNB,UCNB,UCNB
163,163,15_Cycling,XAUT1-HS8,0.0,UCNB,UCNB,UCNB
164,164,15_Cycling,XAUT1-HS9,0.40733197556008144,UCV,UCV,UCV
